Student index,age,hostel,mess,year,department,program,batch,inCampus
0,22,44,0,5,BS,B,B15BS,0
1,22,44,3,5,CS,B,B15CS,0
2,22,53,3,5,CS,B,B15CS,0
3,22,53,2,5,ME,B,B15ME,0
4,23,47,1,5,ME,B,B15ME,0
5,22,47,1,4,CS,B,B16CS,0
6,22,53,1,4,CS,B,B16CS,0
7,21,43,2,4,CS,B,B16CS,0
8,21,43,1,4,CS,B,B16CS,0
9,21,45,1,4,CS,B,B16CS,0
10,21,53,2,4,CS,B,B16CS,0
11,22,44,3,4,CS,B,B16CS,0
12,22,42,3,4,CS,B,B16CS,0
13,21,51,0,4,CS,B,B16CS,0
14,22,47,1,4,CS,B,B16CS,0
15,22,45,0,4,CS,B,B16CS,0
16,21,47,2,4,CS,B,B16CS,0
17,21,51,0,4,CS,B,B16CS,0
18,22,43,2,4,CS,B,B16CS,0
19,22,43,3,4,CS,B,B16CS,0
20,21,53,3,4,CS,B,B16CS,0
21,22,47,1,4,CS,B,B16CS,0
22,21,43,3,4,CS,B,B16CS,0
23,21,43,0,4,CS,B,B16CS,0
24,21,42,2,4,CS,B,B16CS,0
25,21,53,0,4,CS,B,B16CS,0
26,22,52,3,4,CS,B,B16CS,0
27,22,44,1,4,CS,B,B16CS,0
28,22,53,1,4,CS,B,B16CS,0
29,22,47,3,4,CS,B,B16CS,0
30,21,52,3,4,CS,B,B16CS,0
31,21,52,2,4,CS,B,B16CS,0
32,21,43,3,4,CS,B,B16CS,0
33,21,47,1,4,CS,B,B16CS,0
34,21,53,3,4,CS,B,B16CS,0
35,21,52,0,4,CS,B,B16CS,0
36,22,43,3,4,CS,B,B16CS,0
37,22,47,3,4,CS,B,B16CS,0
38,21,45,2,4,CS,B,B16CS,0
39,22,45,2,4,CS,B,B16CS,0
40,22,47,1,4,CS,B,B16CS,0
41,21,47,0,4,CS,B,B16CS,0
42,22,47,0,4,CS,B,B16CS,0
43,22,42,1,4,CS,B,B16CS,0
44,22,45,0,4,CS,B,B16CS,0
45,22,44,2,4,CS,B,B16CS,0
46,21,45,0,4,EE,B,B16EE,0
47,22,53,1,4,EE,B,B16EE,0
48,21,43,1,4,EE,B,B16EE,0
49,21,47,0,4,EE,B,B16EE,0
50,21,52,0,4,EE,B,B16EE,0
51,22,44,3,4,EE,B,B16EE,0
52,21,44,0,4,EE,B,B16EE,0
53,22,43,2,4,EE,B,B16EE,0
54,21,51,3,4,EE,B,B16EE,0
55,22,44,0,4,EE,B,B16EE,0
56,21,52,0,4,EE,B,B16EE,0
57,21,52,0,4,EE,B,B16EE,0
58,21,47,2,4,EE,B,B16EE,0
59,21,52,1,4,EE,B,B16EE,0
60,22,47,2,4,EE,B,B16EE,0
61,22,42,0,4,EE,B,B16EE,0
62,21,51,0,4,EE,B,B16EE,0
63,22,42,1,4,EE,B,B16EE,0
64,21,53,3,4,EE,B,B16EE,0
65,21,53,1,4,EE,B,B16EE,0
66,22,52,2,4,EE,B,B16EE,0
67,21,43,3,4,EE,B,B16EE,0
68,22,45,3,4,EE,B,B16EE,0
69,22,43,2,4,EE,B,B16EE,0
70,21,42,0,4,EE,B,B16EE,0
71,21,42,1,4,EE,B,B16EE,0
72,22,42,2,4,EE,B,B16EE,0
73,21,53,0,4,EE,B,B16EE,0
74,22,44,0,4,EE,B,B16EE,0
75,21,42,2,4,EE,B,B16EE,0
76,21,42,1,4,EE,B,B16EE,0
77,21,52,1,4,EE,B,B16EE,0
78,21,53,2,4,EE,B,B16EE,0
79,21,42,0,4,EE,B,B16EE,0
80,22,47,2,4,EE,B,B16EE,0
81,21,53,0,4,EE,B,B16EE,0
82,22,45,0,4,EE,B,B16EE,0
83,21,52,1,4,EE,B,B16EE,0
84,22,42,1,4,EE,B,B16EE,0
85,22,45,2,4,EE,B,B16EE,0
86,22,42,3,4,ME,B,B16ME,0
87,21,44,0,4,ME,B,B16ME,0
88,21,47,1,4,ME,B,B16ME,0
89,21,44,0,4,ME,B,B16ME,0
90,22,42,2,4,ME,B,B16ME,0
91,21,53,0,4,ME,B,B16ME,0
92,21,52,3,4,ME,B,B16ME,0
93,22,45,1,4,ME,B,B16ME,0
94,21,53,2,4,ME,B,B16ME,0
95,21,42,3,4,ME,B,B16ME,0
96,21,51,3,4,ME,B,B16ME,0
97,22,52,0,4,ME,B,B16ME,0
98,22,51,2,4,ME,B,B16ME,0
99,22,52,0,4,ME,B,B16ME,0
100,21,51,1,4,ME,B,B16ME,0
101,21,42,3,4,ME,B,B16ME,0
102,22,53,2,4,ME,B,B16ME,0
103,22,44,0,4,ME,B,B16ME,0
104,21,42,2,4,ME,B,B16ME,0
105,22,53,3,4,ME,B,B16ME,0
106,22,44,2,4,ME,B,B16ME,0
107,22,44,1,4,ME,B,B16ME,0
108,21,47,3,4,ME,B,B16ME,0
109,21,44,3,4,ME,B,B16ME,0
110,21,52,3,4,ME,B,B16ME,0
111,21,42,3,4,ME,B,B16ME,0
112,21,43,0,4,ME,B,B16ME,0
113,22,51,1,4,ME,B,B16ME,0
114,21,53,2,4,ME,B,B16ME,0
115,21,51,2,4,ME,B,B16ME,0
116,21,53,2,4,ME,B,B16ME,0
117,21,52,0,4,ME,B,B16ME,0
118,21,42,0,4,ME,B,B16ME,0
119,22,47,0,4,ME,B,B16ME,0
120,22,51,0,4,ME,B,B16ME,0
121,21,53,2,4,ME,B,B16ME,0
122,21,53,1,4,ME,B,B16ME,0
123,21,47,2,4,ME,B,B16ME,0
124,22,53,3,4,ME,B,B16ME,0
125,20,45,1,3,CS,B,B17CS,0
126,21,42,1,3,CS,B,B17CS,0
127,20,52,2,3,CS,B,B17CS,0
128,20,53,3,3,CS,B,B17CS,0
129,20,42,1,3,CS,B,B17CS,0
130,21,42,1,3,CS,B,B17CS,0
131,20,52,3,3,CS,B,B17CS,0
132,21,43,2,3,CS,B,B17CS,0
133,20,42,1,3,CS,B,B17CS,0
134,20,42,1,3,CS,B,B17CS,0
135,20,44,0,3,CS,B,B17CS,0
136,21,51,2,3,CS,B,B17CS,0
137,20,47,2,3,CS,B,B17CS,0
138,21,53,1,3,CS,B,B17CS,0
139,21,44,1,3,CS,B,B17CS,0
140,20,51,2,3,CS,B,B17CS,0
141,20,53,2,3,CS,B,B17CS,0
142,21,52,2,3,CS,B,B17CS,0
143,20,47,3,3,CS,B,B17CS,0
144,20,51,0,3,CS,B,B17CS,0
145,20,45,3,3,CS,B,B17CS,0
146,21,52,1,3,CS,B,B17CS,0
147,21,43,2,3,CS,B,B17CS,0
148,21,43,0,3,CS,B,B17CS,0
149,20,51,3,3,CS,B,B17CS,0
150,20,44,2,3,CS,B,B17CS,0
151,21,45,0,3,CS,B,B17CS,0
152,20,43,3,3,CS,B,B17CS,0
153,20,47,0,3,CS,B,B17CS,0
154,20,51,1,3,CS,B,B17CS,0
155,21,42,0,3,CS,B,B17CS,0
156,20,42,0,3,CS,B,B17CS,0
157,20,51,1,3,CS,B,B17CS,0
158,20,52,3,3,CS,B,B17CS,0
159,21,44,1,3,CS,B,B17CS,0
160,21,51,1,3,CS,B,B17CS,0
161,21,47,2,3,CS,B,B17CS,0
162,20,42,1,3,CS,B,B17CS,0
163,21,43,0,3,CS,B,B17CS,0
164,20,45,3,3,CS,B,B17CS,0
165,21,43,0,3,CS,B,B17CS,0
166,20,42,1,3,CS,B,B17CS,0
167,21,45,0,3,CS,B,B17CS,0
168,20,43,2,3,CS,B,B17CS,0
169,20,42,3,3,CS,B,B17CS,0
170,20,47,3,3,CS,B,B17CS,0
171,20,43,2,3,CS,B,B17CS,0
172,21,52,2,3,CS,B,B17CS,0
173,20,53,0,3,CS,B,B17CS,0
174,21,45,0,3,CS,B,B17CS,0
175,21,45,2,3,CS,B,B17CS,0
176,21,43,3,3,CS,B,B17CS,0
177,21,52,1,3,CS,B,B17CS,0
178,21,52,2,3,CS,B,B17CS,0
179,21,53,1,3,CS,B,B17CS,0
180,21,52,0,3,CS,B,B17CS,0
181,21,47,3,3,CS,B,B17CS,0
182,20,47,2,3,CS,B,B17CS,0
183,21,44,1,3,CS,B,B17CS,0
184,20,44,2,3,CS,B,B17CS,0
185,20,43,0,3,CS,B,B17CS,0
186,21,51,1,3,CS,B,B17CS,0
187,21,44,3,3,CS,B,B17CS,0
188,20,51,3,3,EE,B,B17EE,0
189,20,44,2,3,EE,B,B17EE,0
190,20,51,3,3,EE,B,B17EE,0
191,21,43,3,3,EE,B,B17EE,0
192,20,42,3,3,EE,B,B17EE,0
193,21,52,2,3,EE,B,B17EE,0
194,21,52,1,3,EE,B,B17EE,0
195,21,43,1,3,EE,B,B17EE,0
196,20,42,2,3,EE,B,B17EE,0
197,20,52,3,3,EE,B,B17EE,0
198,20,51,1,3,EE,B,B17EE,0
199,20,52,3,3,EE,B,B17EE,0
200,21,43,0,3,EE,B,B17EE,0
201,20,51,3,3,EE,B,B17EE,0
202,20,43,0,3,EE,B,B17EE,0
203,21,43,0,3,EE,B,B17EE,0
204,21,47,1,3,EE,B,B17EE,0
205,21,42,1,3,EE,B,B17EE,0
206,20,51,1,3,EE,B,B17EE,0
207,21,44,3,3,EE,B,B17EE,0
208,21,43,3,3,EE,B,B17EE,0
209,21,47,0,3,EE,B,B17EE,0
210,21,44,1,3,EE,B,B17EE,0
211,21,52,1,3,EE,B,B17EE,0
212,20,42,0,3,EE,B,B17EE,0
213,21,47,1,3,EE,B,B17EE,0
214,21,42,3,3,EE,B,B17EE,0
215,21,53,1,3,EE,B,B17EE,0
216,21,51,0,3,EE,B,B17EE,0
217,20,44,1,3,EE,B,B17EE,0
218,20,52,3,3,EE,B,B17EE,0
219,20,42,2,3,EE,B,B17EE,0
220,21,44,1,3,EE,B,B17EE,0
221,20,43,1,3,EE,B,B17EE,0
222,21,43,0,3,EE,B,B17EE,0
223,21,42,3,3,EE,B,B17EE,0
224,20,43,2,3,EE,B,B17EE,0
225,21,44,3,3,EE,B,B17EE,0
226,21,53,1,3,EE,B,B17EE,0
227,21,47,2,3,EE,B,B17EE,0
228,21,47,2,3,EE,B,B17EE,0
229,21,45,1,3,EE,B,B17EE,0
230,21,44,0,3,EE,B,B17EE,0
231,21,47,0,3,EE,B,B17EE,0
232,21,52,3,3,EE,B,B17EE,0
233,21,47,0,3,EE,B,B17EE,0
234,20,52,2,3,EE,B,B17EE,0
235,21,53,3,3,EE,B,B17EE,0
236,20,47,1,3,EE,B,B17EE,0
237,20,52,0,3,EE,B,B17EE,0
238,21,53,2,3,EE,B,B17EE,0
239,20,43,3,3,EE,B,B17EE,0
240,20,43,1,3,EE,B,B17EE,0
241,21,53,2,3,EE,B,B17EE,0
242,21,43,0,3,EE,B,B17EE,0
243,21,47,0,3,EE,B,B17EE,0
244,20,42,1,3,EE,B,B17EE,0
245,21,43,3,3,EE,B,B17EE,0
246,21,47,3,3,EE,B,B17EE,0
247,21,43,0,3,ME,B,B17ME,0
248,21,42,0,3,ME,B,B17ME,0
249,20,42,2,3,ME,B,B17ME,0
250,20,44,3,3,ME,B,B17ME,0
251,20,42,1,3,ME,B,B17ME,0
252,21,51,0,3,ME,B,B17ME,0
253,20,44,0,3,ME,B,B17ME,0
254,21,43,0,3,ME,B,B17ME,0
255,21,42,0,3,ME,B,B17ME,0
256,20,47,3,3,ME,B,B17ME,0
257,21,53,0,3,ME,B,B17ME,0
258,21,44,2,3,ME,B,B17ME,0
259,20,44,0,3,ME,B,B17ME,0
260,21,53,1,3,ME,B,B17ME,0
261,21,47,0,3,ME,B,B17ME,0
262,21,47,3,3,ME,B,B17ME,0
263,21,53,2,3,ME,B,B17ME,0
264,21,44,1,3,ME,B,B17ME,0
265,20,45,3,3,ME,B,B17ME,0
266,21,53,0,3,ME,B,B17ME,0
267,21,43,0,3,ME,B,B17ME,0
268,21,47,1,3,ME,B,B17ME,0
269,20,42,3,3,ME,B,B17ME,0
270,20,42,2,3,ME,B,B17ME,0
271,21,43,1,3,ME,B,B17ME,0
272,21,47,0,3,ME,B,B17ME,0
273,21,43,0,3,ME,B,B17ME,0
274,21,43,3,3,ME,B,B17ME,0
275,21,44,2,3,ME,B,B17ME,0
276,20,42,3,3,ME,B,B17ME,0
277,20,51,0,3,ME,B,B17ME,0
278,20,42,1,3,ME,B,B17ME,0
279,21,45,2,3,ME,B,B17ME,0
280,21,52,1,3,ME,B,B17ME,0
281,20,42,3,3,ME,B,B17ME,0
282,20,44,1,3,ME,B,B17ME,0
283,21,52,2,3,ME,B,B17ME,0
284,20,42,2,3,ME,B,B17ME,0
285,21,43,3,3,ME,B,B17ME,0
286,20,53,1,3,ME,B,B17ME,0
287,21,53,0,3,ME,B,B17ME,0
288,20,52,2,3,ME,B,B17ME,0
289,21,47,1,3,ME,B,B17ME,0
290,20,47,0,3,ME,B,B17ME,0
291,21,52,1,3,ME,B,B17ME,0
292,20,52,3,3,ME,B,B17ME,0
293,21,52,2,3,ME,B,B17ME,0
294,20,43,3,3,ME,B,B17ME,0
295,20,52,3,3,ME,B,B17ME,0
296,21,52,2,3,ME,B,B17ME,0
297,21,43,0,3,ME,B,B17ME,0
298,21,45,0,3,ME,B,B17ME,0
299,20,52,3,3,ME,B,B17ME,0
300,20,47,2,3,ME,B,B17ME,0
301,20,42,1,2,BB,B,B18BB,0
302,20,51,0,2,BB,B,B18BB,0
303,20,47,2,2,BB,B,B18BB,0
304,20,42,2,2,BB,B,B18BB,0
305,19,47,3,2,BB,B,B18BB,0
306,20,43,3,2,BB,B,B18BB,0
307,20,52,3,2,BB,B,B18BB,0
308,19,45,1,2,BB,B,B18BB,0
309,19,52,0,2,BB,B,B18BB,0
310,19,45,2,2,BB,B,B18BB,0
311,19,51,1,2,BB,B,B18BB,0
312,20,47,1,2,BB,B,B18BB,0
313,20,43,1,2,BB,B,B18BB,0
314,19,47,1,2,BB,B,B18BB,0
315,19,47,0,2,BB,B,B18BB,0
316,20,51,1,2,BB,B,B18BB,0
317,20,45,0,2,BB,B,B18BB,0
318,20,43,1,2,BB,B,B18BB,0
319,20,42,3,2,BB,B,B18BB,0
320,20,51,3,2,BB,B,B18BB,0
321,19,53,3,2,BB,B,B18BB,0
322,19,45,3,2,BB,B,B18BB,0
323,19,51,1,2,BB,B,B18BB,0
324,20,44,1,2,BB,B,B18BB,0
325,20,47,0,2,BB,B,B18BB,0
326,19,53,3,2,BB,B,B18BB,0
327,20,53,0,2,BB,B,B18BB,0
328,20,42,3,2,BB,B,B18BB,0
329,19,42,2,2,BB,B,B18BB,0
330,20,47,1,2,BB,B,B18BB,0
331,20,42,1,2,BB,B,B18BB,0
332,20,52,3,2,BB,B,B18BB,0
333,19,44,0,2,BB,B,B18BB,0
334,20,42,1,2,BB,B,B18BB,0
335,20,51,0,2,BB,B,B18BB,0
336,20,43,1,2,CSE,B,B18CSE,0
337,19,51,2,2,CSE,B,B18CSE,0
338,19,42,1,2,CSE,B,B18CSE,0
339,19,44,3,2,CSE,B,B18CSE,0
340,20,44,3,2,CSE,B,B18CSE,0
341,20,53,0,2,CSE,B,B18CSE,0
342,20,52,3,2,CSE,B,B18CSE,0
343,19,47,3,2,CSE,B,B18CSE,0
344,19,51,3,2,CSE,B,B18CSE,0
345,20,53,0,2,CSE,B,B18CSE,0
346,19,42,3,2,CSE,B,B18CSE,0
347,20,51,0,2,CSE,B,B18CSE,0
348,20,42,3,2,CSE,B,B18CSE,0
349,20,43,1,2,CSE,B,B18CSE,0
350,20,42,2,2,CSE,B,B18CSE,0
351,20,43,3,2,CSE,B,B18CSE,0
352,19,53,2,2,CSE,B,B18CSE,0
353,19,45,0,2,CSE,B,B18CSE,0
354,19,43,0,2,CSE,B,B18CSE,0
355,19,47,1,2,CSE,B,B18CSE,0
356,20,52,3,2,CSE,B,B18CSE,0
357,19,47,0,2,CSE,B,B18CSE,0
358,19,47,1,2,CSE,B,B18CSE,0
359,19,44,1,2,CSE,B,B18CSE,0
360,20,43,3,2,CSE,B,B18CSE,0
361,19,42,0,2,CSE,B,B18CSE,0
362,20,43,1,2,CSE,B,B18CSE,0
363,20,44,0,2,CSE,B,B18CSE,0
364,20,43,3,2,CSE,B,B18CSE,0
365,20,53,3,2,CSE,B,B18CSE,0
366,19,42,3,2,CSE,B,B18CSE,0
367,20,52,0,2,CSE,B,B18CSE,0
368,20,53,1,2,CSE,B,B18CSE,0
369,20,43,2,2,CSE,B,B18CSE,0
370,19,44,0,2,CSE,B,B18CSE,0
371,20,51,0,2,CSE,B,B18CSE,0
372,19,53,1,2,CSE,B,B18CSE,0
373,19,42,3,2,CSE,B,B18CSE,0
374,19,53,2,2,CSE,B,B18CSE,0
375,19,42,3,2,CSE,B,B18CSE,0
376,20,52,3,2,CSE,B,B18CSE,0
377,19,43,1,2,CSE,B,B18CSE,0
378,19,44,3,2,CSE,B,B18CSE,0
379,20,53,1,2,CSE,B,B18CSE,0
380,19,42,3,2,CSE,B,B18CSE,0
381,19,42,3,2,CSE,B,B18CSE,0
382,19,53,2,2,CSE,B,B18CSE,0
383,20,43,0,2,CSE,B,B18CSE,0
384,20,53,2,2,CSE,B,B18CSE,0
385,20,53,3,2,CSE,B,B18CSE,0
386,20,44,0,2,CSE,B,B18CSE,0
387,20,47,3,2,CSE,B,B18CSE,0
388,19,43,3,2,CSE,B,B18CSE,0
389,20,45,0,2,CSE,B,B18CSE,0
390,19,45,3,2,CSE,B,B18CSE,0
391,19,52,1,2,CSE,B,B18CSE,0
392,20,53,2,2,CSE,B,B18CSE,0
393,20,44,2,2,CSE,B,B18CSE,0
394,19,43,3,2,CSE,B,B18CSE,0
395,19,47,1,2,CSE,B,B18CSE,0
396,19,52,3,2,CSE,B,B18CSE,0
397,19,44,0,2,CSE,B,B18CSE,0
398,20,52,0,2,CSE,B,B18CSE,0
399,19,53,0,2,CSE,B,B18CSE,0
400,19,43,0,2,CSE,B,B18CSE,0
401,19,42,0,2,CSE,B,B18CSE,0
402,19,42,3,2,CSE,B,B18CSE,0
403,19,44,3,2,EE,B,B18EE,0
404,19,45,3,2,EE,B,B18EE,0
405,19,43,1,2,EE,B,B18EE,0
406,20,53,2,2,EE,B,B18EE,0
407,20,45,3,2,EE,B,B18EE,0
408,19,43,2,2,EE,B,B18EE,0
409,19,53,1,2,EE,B,B18EE,0
410,19,53,1,2,EE,B,B18EE,0
411,20,42,3,2,EE,B,B18EE,0
412,19,44,2,2,EE,B,B18EE,0
413,20,52,0,2,EE,B,B18EE,0
414,20,44,2,2,EE,B,B18EE,0
415,19,53,1,2,EE,B,B18EE,0
416,20,45,2,2,EE,B,B18EE,0
417,19,45,1,2,EE,B,B18EE,0
418,20,43,3,2,EE,B,B18EE,0
419,19,51,1,2,EE,B,B18EE,0
420,19,47,0,2,EE,B,B18EE,0
421,20,45,1,2,EE,B,B18EE,0
422,20,43,3,2,EE,B,B18EE,0
423,20,47,0,2,EE,B,B18EE,0
424,20,42,3,2,EE,B,B18EE,0
425,20,43,3,2,EE,B,B18EE,0
426,19,45,1,2,EE,B,B18EE,0
427,19,43,1,2,EE,B,B18EE,0
428,19,44,1,2,EE,B,B18EE,0
429,19,53,0,2,EE,B,B18EE,0
430,19,47,1,2,EE,B,B18EE,0
431,20,43,1,2,EE,B,B18EE,0
432,19,52,1,2,EE,B,B18EE,0
433,19,42,1,2,EE,B,B18EE,0
434,19,51,3,2,EE,B,B18EE,0
435,20,51,0,2,EE,B,B18EE,0
436,20,44,2,2,EE,B,B18EE,0
437,19,52,3,2,EE,B,B18EE,0
438,19,47,3,2,EE,B,B18EE,0
439,19,43,3,2,EE,B,B18EE,0
440,19,53,1,2,EE,B,B18EE,0
441,19,43,2,2,EE,B,B18EE,0
442,19,45,2,2,EE,B,B18EE,0
443,19,52,0,2,EE,B,B18EE,0
444,19,53,0,2,EE,B,B18EE,0
445,20,47,0,2,EE,B,B18EE,0
446,20,42,1,2,EE,B,B18EE,0
447,20,52,0,2,EE,B,B18EE,0
448,20,53,2,2,EE,B,B18EE,0
449,19,42,0,2,EE,B,B18EE,0
450,19,43,1,2,EE,B,B18EE,0
451,20,45,1,2,EE,B,B18EE,0
452,19,43,1,2,EE,B,B18EE,0
453,19,45,1,2,EE,B,B18EE,0
454,19,42,0,2,EE,B,B18EE,0
455,19,52,1,2,EE,B,B18EE,0
456,19,45,0,2,EE,B,B18EE,0
457,19,43,3,2,EE,B,B18EE,0
458,19,42,1,2,EE,B,B18EE,0
459,20,52,1,2,EE,B,B18EE,0
460,20,44,0,2,EE,B,B18EE,0
461,19,51,0,2,EE,B,B18EE,0
462,20,42,2,2,EE,B,B18EE,0
463,19,52,1,2,ME,B,B18ME,0
464,20,51,1,2,ME,B,B18ME,0
465,20,44,2,2,ME,B,B18ME,0
466,20,52,0,2,ME,B,B18ME,0
467,20,52,0,2,ME,B,B18ME,0
468,20,42,1,2,ME,B,B18ME,0
469,19,42,3,2,ME,B,B18ME,0
470,19,42,1,2,ME,B,B18ME,0
471,19,44,2,2,ME,B,B18ME,0
472,19,44,1,2,ME,B,B18ME,0
473,20,52,2,2,ME,B,B18ME,0
474,19,44,0,2,ME,B,B18ME,0
475,19,53,3,2,ME,B,B18ME,0
476,20,45,2,2,ME,B,B18ME,0
477,19,42,2,2,ME,B,B18ME,0
478,19,45,1,2,ME,B,B18ME,0
479,19,53,1,2,ME,B,B18ME,0
480,19,44,3,2,ME,B,B18ME,0
481,19,51,2,2,ME,B,B18ME,0
482,19,47,0,2,ME,B,B18ME,0
483,20,43,3,2,ME,B,B18ME,0
484,19,44,3,2,ME,B,B18ME,0
485,19,42,1,2,ME,B,B18ME,0
486,19,47,2,2,ME,B,B18ME,0
487,19,42,1,2,ME,B,B18ME,0
488,20,52,0,2,ME,B,B18ME,0
489,19,43,2,2,ME,B,B18ME,0
490,20,44,0,2,ME,B,B18ME,0
491,19,44,1,2,ME,B,B18ME,0
492,19,44,1,2,ME,B,B18ME,0
493,19,42,0,2,ME,B,B18ME,0
494,19,47,1,2,ME,B,B18ME,0
495,20,43,1,2,ME,B,B18ME,0
496,20,47,2,2,ME,B,B18ME,0
497,19,45,1,2,ME,B,B18ME,0
498,19,44,3,2,ME,B,B18ME,0
499,19,53,0,2,ME,B,B18ME,0
500,20,53,2,2,ME,B,B18ME,0
501,20,42,2,2,ME,B,B18ME,0
502,19,43,3,2,ME,B,B18ME,0
503,20,42,3,2,ME,B,B18ME,0
504,19,43,3,2,ME,B,B18ME,0
505,20,53,0,2,ME,B,B18ME,0
506,19,42,2,2,ME,B,B18ME,0
507,20,53,3,2,ME,B,B18ME,0
508,20,53,3,2,ME,B,B18ME,0
509,19,42,0,2,ME,B,B18ME,0
510,20,43,3,2,ME,B,B18ME,0
511,19,53,3,2,ME,B,B18ME,0
512,19,51,3,2,ME,B,B18ME,0
513,19,42,3,2,ME,B,B18ME,0
514,20,52,1,2,ME,B,B18ME,0
515,20,52,2,2,ME,B,B18ME,0
516,19,44,0,2,ME,B,B18ME,0
517,18,47,1,1,BB,B,B19BB,0
518,18,43,3,1,BB,B,B19BB,0
519,19,53,3,1,BB,B,B19BB,0
520,19,51,2,1,BB,B,B19BB,0
521,18,51,0,1,BB,B,B19BB,0
522,18,42,2,1,BB,B,B19BB,0
523,18,47,2,1,BB,B,B19BB,0
524,18,43,0,1,BB,B,B19BB,0
525,19,53,3,1,BB,B,B19BB,0
526,19,44,3,1,BB,B,B19BB,0
527,19,47,1,1,BB,B,B19BB,0
528,19,52,2,1,BB,B,B19BB,0
529,19,52,1,1,BB,B,B19BB,0
530,18,53,2,1,BB,B,B19BB,0
531,18,53,3,1,BB,B,B19BB,0
532,18,47,0,1,BB,B,B19BB,0
533,18,43,1,1,BB,B,B19BB,0
534,19,47,2,1,BB,B,B19BB,0
535,19,53,2,1,BB,B,B19BB,0
536,18,43,0,1,BB,B,B19BB,0
537,19,44,0,1,BB,B,B19BB,0
538,19,44,2,1,BB,B,B19BB,0
539,18,42,3,1,BB,B,B19BB,0
540,19,52,3,1,BB,B,B19BB,0
541,18,52,2,1,BB,B,B19BB,0
542,18,47,0,1,BB,B,B19BB,0
543,19,52,1,1,BB,B,B19BB,0
544,18,42,3,1,BB,B,B19BB,0
545,19,52,2,1,BB,B,B19BB,0
546,19,47,3,1,BB,B,B19BB,0
547,19,53,3,1,BB,B,B19BB,0
548,18,42,2,1,BB,B,B19BB,0
549,19,42,1,1,BB,B,B19BB,0
550,18,42,0,1,BB,B,B19BB,0
551,19,53,3,1,BB,B,B19BB,0
552,19,44,2,1,BB,B,B19BB,0
553,19,42,2,1,BB,B,B19BB,0
554,19,44,3,1,BB,B,B19BB,0
555,18,51,1,1,BB,B,B19BB,0
556,19,44,2,1,BB,B,B19BB,0
557,18,52,2,1,BB,B,B19BB,0
558,18,47,0,1,BB,B,B19BB,0
559,18,53,1,1,BB,B,B19BB,0
560,19,52,3,1,BB,B,B19BB,0
561,19,44,3,1,BB,B,B19BB,0
562,19,44,0,1,BB,B,B19BB,0
563,19,43,3,1,BB,B,B19BB0,0
564,18,45,0,1,BB,B,B19BB0,0
565,19,44,2,1,BB,B,B19BB0,0
566,19,45,0,1,BB,B,B19BB0,0
567,18,47,3,1,CSE,B,B19CSE,0
568,19,45,2,1,CSE,B,B19CSE,0
569,18,42,1,1,CSE,B,B19CSE,0
570,18,47,1,1,CSE,B,B19CSE,0
571,19,52,3,1,CSE,B,B19CSE,0
572,18,45,2,1,CSE,B,B19CSE,0
573,19,43,2,1,CSE,B,B19CSE,0
574,18,42,1,1,CSE,B,B19CSE,0
575,18,53,1,1,CSE,B,B19CSE,0
576,19,53,2,1,CSE,B,B19CSE,0
577,18,52,1,1,CSE,B,B19CSE,0
578,18,42,1,1,CSE,B,B19CSE,0
579,19,42,2,1,CSE,B,B19CSE,0
580,19,53,0,1,CSE,B,B19CSE,0
581,19,44,1,1,CSE,B,B19CSE,0
582,19,44,3,1,CSE,B,B19CSE,0
583,19,43,3,1,CSE,B,B19CSE,0
584,19,52,3,1,CSE,B,B19CSE,0
585,18,47,0,1,CSE,B,B19CSE,0
586,19,42,2,1,CSE,B,B19CSE,0
587,19,47,2,1,CSE,B,B19CSE,0
588,19,42,2,1,CSE,B,B19CSE,0
589,19,45,0,1,CSE,B,B19CSE,0
590,19,42,1,1,CSE,B,B19CSE,0
591,18,53,3,1,CSE,B,B19CSE,0
592,19,43,1,1,CSE,B,B19CSE,0
593,19,52,3,1,CSE,B,B19CSE,0
594,19,53,1,1,CSE,B,B19CSE,0
595,18,42,0,1,CSE,B,B19CSE,0
596,18,44,3,1,CSE,B,B19CSE,0
597,18,43,1,1,CSE,B,B19CSE,0
598,18,44,3,1,CSE,B,B19CSE,0
599,19,47,2,1,CSE,B,B19CSE,0
600,18,47,1,1,CSE,B,B19CSE,0
601,19,52,0,1,CSE,B,B19CSE,0
602,19,53,1,1,CSE,B,B19CSE,0
603,19,43,1,1,CSE,B,B19CSE,0
604,19,43,2,1,CSE,B,B19CSE,0
605,19,47,3,1,CSE,B,B19CSE,0
606,18,42,0,1,CSE,B,B19CSE,0
607,19,42,0,1,CSE,B,B19CSE,0
608,18,52,2,1,CSE,B,B19CSE,0
609,18,44,1,1,CSE,B,B19CSE,0
610,19,44,2,1,CSE,B,B19CSE,0
611,18,53,0,1,CSE,B,B19CSE,0
612,19,45,1,1,CSE,B,B19CSE,0
613,19,51,0,1,CSE,B,B19CSE,0
614,18,51,0,1,CSE,B,B19CSE,0
615,19,45,2,1,CSE,B,B19CSE,0
616,18,43,0,1,CSE,B,B19CSE,0
617,19,52,0,1,CSE,B,B19CSE,0
618,18,43,3,1,CSE,B,B19CSE,0
619,19,53,2,1,CSE,B,B19CSE,0
620,18,45,3,1,CSE,B,B19CSE,0
621,18,45,2,1,CSE,B,B19CSE,0
622,19,47,3,1,CSE,B,B19CSE,0
623,18,43,2,1,CSE,B,B19CSE,0
624,18,53,1,1,CSE,B,B19CSE,0
625,19,53,1,1,CSE,B,B19CSE,0
626,19,42,3,1,CSE,B,B19CSE,0
627,19,52,0,1,CSE,B,B19CSE,0
628,18,43,2,1,CSE,B,B19CSE,0
629,19,47,0,1,CSE,B,B19CSE,0
630,18,44,3,1,CSE,B,B19CSE,0
631,18,47,1,1,CSE,B,B19CSE,0
632,19,53,0,1,CSE,B,B19CSE,0
633,18,52,0,1,CSE,B,B19CSE,0
634,18,42,0,1,CSE,B,B19CSE,0
635,18,44,2,1,CSE,B,B19CSE,0
636,18,45,2,1,CSE,B,B19CSE,0
637,19,47,3,1,CSE,B,B19CSE,0
638,19,44,0,1,CSE,B,B19CSE,0
639,18,42,2,1,CSE,B,B19CSE,0
640,18,43,1,1,CSE,B,B19CSE,0
641,19,42,2,1,CSE,B,B19CSE,0
642,19,44,1,1,CSE,B,B19CSE,0
643,18,53,0,1,CSE,B,B19CSE,0
644,19,52,0,1,CSE,B,B19CSE,0
645,18,42,0,1,CSE,B,B19CSE,0
646,18,51,3,1,CSE,B,B19CSE,0
647,19,44,0,1,CSE,B,B19CSE,0
648,19,52,1,1,CSE,B,B19CSE,0
649,19,43,2,1,CSE,B,B19CSE,0
650,19,47,1,1,CSE,B,B19CSE,0
651,18,53,2,1,CSE,B,B19CSE,0
652,19,53,1,1,CSE,B,B19CSE,0
653,18,42,2,1,CSE,B,B19CSE,0
654,18,43,3,1,CSE,B,B19CSE,0
655,18,43,0,1,CSE,B,B19CSE,0
656,18,52,3,1,CSE,B,B19CSE,0
657,19,43,3,1,CSE,B,B19CSE,0
658,18,52,1,1,CSE,B,B19CSE,0
659,19,52,3,1,CSE,B,B19CSE,0
660,18,51,2,1,CSE,B,B19CSE,0
661,19,44,2,1,CSE,B,B19CSE,0
662,19,53,2,1,CSE,B,B19CSE,0
663,19,45,0,1,CSE,B,B19CSE,0
664,19,43,3,1,CSE,B,B19CSE,0
665,19,52,0,1,CSE,B,B19CSE,0
666,18,42,1,1,CSE,B,B19CSE,0
667,19,42,1,1,CSE,B,B19CSE,0
668,19,45,2,1,CSE,B,B19CSE,0
669,19,44,1,1,CSE,B,B19CSE,0
670,19,52,2,1,CSE,B,B19CSE,0
671,19,51,2,1,CSE,B,B19CSE,0
672,19,47,1,1,CSE,B,B19CSE,0
673,19,47,1,1,CSE,B,B19CSE,0
674,19,52,3,1,CSE,B,B19CSE,0
675,19,52,3,1,CSE,B,B19CSE,0
676,19,42,2,1,CSE,B,B19CSE,0
677,19,44,1,1,CSE,B,B19CSE,0
678,19,42,3,1,CSE,B,B19CSE,0
679,19,44,1,1,CSE,B,B19CSE,0
680,19,44,2,1,CSE,B,B19CSE,0
681,18,53,0,1,CSE,B,B19CSE,0
682,18,43,0,1,CSE,B,B19CSE0,0
683,18,43,0,1,CSE,B,B19CSE0,0
684,19,43,2,1,CSE,B,B19CSE0,0
685,18,52,1,1,CSE,B,B19CSE0,0
686,18,43,3,1,CSE,B,B19CSE0,0
687,18,47,3,1,CSE,B,B19CSE0,0
688,19,47,3,1,CSE,B,B19CSE0,0
689,19,44,2,1,CSE,B,B19CSE0,0
690,18,42,1,1,EE,B,B19EE,0
691,18,42,2,1,EE,B,B19EE,0
692,18,42,2,1,EE,B,B19EE,0
693,18,45,1,1,EE,B,B19EE,0
694,18,51,1,1,EE,B,B19EE,0
695,19,52,2,1,EE,B,B19EE,0
696,19,44,1,1,EE,B,B19EE,0
697,19,53,1,1,EE,B,B19EE,0
698,18,52,3,1,EE,B,B19EE,0
699,19,42,2,1,EE,B,B19EE,0
700,19,44,2,1,EE,B,B19EE,0
701,19,44,0,1,EE,B,B19EE,0
702,19,44,1,1,EE,B,B19EE,0
703,18,47,3,1,EE,B,B19EE,0
704,19,52,3,1,EE,B,B19EE,0
705,19,43,3,1,EE,B,B19EE,0
706,19,51,3,1,EE,B,B19EE,0
707,19,47,3,1,EE,B,B19EE,0
708,19,47,0,1,EE,B,B19EE,0
709,19,45,2,1,EE,B,B19EE,0
710,19,53,0,1,EE,B,B19EE,0
711,19,47,0,1,EE,B,B19EE,0
712,19,44,2,1,EE,B,B19EE,0
713,19,44,1,1,EE,B,B19EE,0
714,18,47,2,1,EE,B,B19EE,0
715,18,44,1,1,EE,B,B19EE,0
716,19,42,2,1,EE,B,B19EE,0
717,18,43,2,1,EE,B,B19EE,0
718,18,47,3,1,EE,B,B19EE,0
719,19,44,1,1,EE,B,B19EE,0
720,18,47,2,1,EE,B,B19EE,0
721,19,51,0,1,EE,B,B19EE,0
722,19,42,1,1,EE,B,B19EE,0
723,18,43,2,1,EE,B,B19EE,0
724,19,51,1,1,EE,B,B19EE,0
725,19,52,0,1,EE,B,B19EE,0
726,18,45,0,1,EE,B,B19EE,0
727,19,52,1,1,EE,B,B19EE,0
728,19,43,3,1,EE,B,B19EE,0
729,19,45,0,1,EE,B,B19EE,0
730,19,42,0,1,EE,B,B19EE,0
731,18,51,0,1,EE,B,B19EE,0
732,18,53,2,1,EE,B,B19EE,0
733,18,52,0,1,EE,B,B19EE,0
734,18,45,3,1,EE,B,B19EE,0
735,18,51,2,1,EE,B,B19EE,0
736,19,44,1,1,EE,B,B19EE,0
737,18,51,0,1,EE,B,B19EE,0
738,19,43,3,1,EE,B,B19EE,0
739,18,52,0,1,EE,B,B19EE,0
740,18,47,2,1,EE,B,B19EE,0
741,18,47,0,1,EE,B,B19EE,0
742,18,42,3,1,EE,B,B19EE,0
743,19,52,0,1,EE,B,B19EE,0
744,18,45,1,1,EE,B,B19EE,0
745,19,51,0,1,EE,B,B19EE,0
746,19,52,0,1,EE,B,B19EE,0
747,18,51,3,1,EE,B,B19EE,0
748,18,43,3,1,EE,B,B19EE,0
749,19,52,1,1,EE,B,B19EE,0
750,18,47,3,1,EE,B,B19EE,0
751,18,42,2,1,EE,B,B19EE,0
752,18,44,0,1,EE,B,B19EE,0
753,19,45,1,1,EE,B,B19EE,0
754,19,51,0,1,EE,B,B19EE,0
755,18,53,2,1,EE,B,B19EE,0
756,18,53,2,1,EE,B,B19EE,0
757,19,47,3,1,EE,B,B19EE,0
758,19,53,0,1,EE,B,B19EE,0
759,18,42,1,1,EE,B,B19EE,0
760,18,43,1,1,EE,B,B19EE,0
761,19,42,3,1,EE,B,B19EE,0
762,19,44,0,1,EE,B,B19EE,0
763,18,47,1,1,EE,B,B19EE,0
764,19,47,3,1,EE,B,B19EE,0
765,19,51,3,1,EE,B,B19EE,0
766,19,43,0,1,EE,B,B19EE,0
767,18,45,2,1,EE,B,B19EE,0
768,19,53,2,1,EE,B,B19EE,0
769,18,51,0,1,EE,B,B19EE,0
770,18,52,3,1,EE,B,B19EE,0
771,18,47,0,1,EE,B,B19EE,0
772,18,52,1,1,EE,B,B19EE,0
773,18,43,1,1,EE,B,B19EE,0
774,18,45,2,1,EE,B,B19EE,0
775,19,52,0,1,EE,B,B19EE,0
776,18,51,0,1,EE,B,B19EE,0
777,18,53,0,1,EE,B,B19EE,0
778,18,44,1,1,EE,B,B19EE,0
779,18,51,3,1,EE,B,B19EE,0
780,18,44,3,1,EE,B,B19EE,0
781,19,44,3,1,EE,B,B19EE,0
782,18,47,1,1,EE,B,B19EE,0
783,18,51,3,1,EE,B,B19EE0,0
784,19,45,1,1,EE,B,B19EE0,0
785,18,53,3,1,EE,B,B19EE0,0
786,18,44,2,1,EE,B,B19EE0,0
787,19,52,0,1,ME,B,B19ME,0
788,19,42,1,1,ME,B,B19ME,0
789,18,47,2,1,ME,B,B19ME,0
790,19,44,2,1,ME,B,B19ME,0
791,18,43,3,1,ME,B,B19ME,0
792,19,52,1,1,ME,B,B19ME,0
793,19,44,2,1,ME,B,B19ME,0
794,19,43,0,1,ME,B,B19ME,0
795,18,52,0,1,ME,B,B19ME,0
796,19,42,3,1,ME,B,B19ME,0
797,18,53,2,1,ME,B,B19ME,0
798,18,43,3,1,ME,B,B19ME,0
799,18,52,0,1,ME,B,B19ME,0
800,18,43,3,1,ME,B,B19ME,0
801,18,51,3,1,ME,B,B19ME,0
802,18,43,1,1,ME,B,B19ME,0
803,18,52,1,1,ME,B,B19ME,0
804,18,47,2,1,ME,B,B19ME,0
805,19,53,1,1,ME,B,B19ME,0
806,19,47,1,1,ME,B,B19ME,0
807,18,52,0,1,ME,B,B19ME,0
808,19,51,0,1,ME,B,B19ME,0
809,19,52,0,1,ME,B,B19ME,0
810,19,51,1,1,ME,B,B19ME,0
811,18,47,1,1,ME,B,B19ME,0
812,18,42,1,1,ME,B,B19ME,0
813,18,42,0,1,ME,B,B19ME,0
814,19,45,3,1,ME,B,B19ME,0
815,18,45,0,1,ME,B,B19ME,0
816,18,44,2,1,ME,B,B19ME,0
817,18,44,1,1,ME,B,B19ME,0
818,19,42,2,1,ME,B,B19ME,0
819,18,52,0,1,ME,B,B19ME,0
820,18,44,0,1,ME,B,B19ME,0
821,19,47,2,1,ME,B,B19ME,0
822,19,44,2,1,ME,B,B19ME,0
823,19,42,1,1,ME,B,B19ME,0
824,18,53,1,1,ME,B,B19ME,0
825,19,43,1,1,ME,B,B19ME,0
826,19,44,0,1,ME,B,B19ME,0
827,18,43,1,1,ME,B,B19ME,0
828,19,44,1,1,ME,B,B19ME,0
829,19,53,1,1,ME,B,B19ME,0
830,18,47,0,1,ME,B,B19ME,0
831,18,44,2,1,ME,B,B19ME,0
832,19,47,0,1,ME,B,B19ME,0
833,18,47,1,1,ME,B,B19ME,0
834,18,53,1,1,ME,B,B19ME,0
835,19,43,3,1,ME,B,B19ME,0
836,19,52,3,1,ME,B,B19ME,0
837,18,42,3,1,ME,B,B19ME,0
838,19,47,0,1,ME,B,B19ME,0
839,19,43,0,1,ME,B,B19ME,0
840,19,53,1,1,ME,B,B19ME,0
841,19,44,0,1,ME,B,B19ME,0
842,19,52,0,1,ME,B,B19ME,0
843,18,53,0,1,ME,B,B19ME,0
844,19,43,1,1,ME,B,B19ME,0
845,18,53,0,1,ME,B,B19ME,0
846,19,42,0,1,ME,B,B19ME,0
847,18,44,3,1,ME,B,B19ME,0
848,18,43,2,1,ME,B,B19ME,0
849,19,52,0,1,ME,B,B19ME,0
850,19,53,0,1,ME,B,B19ME,0
851,18,42,1,1,ME,B,B19ME,0
852,18,47,3,1,ME,B,B19ME,0
853,18,43,3,1,ME,B,B19ME,0
854,19,44,1,1,ME,B,B19ME,0
855,19,52,0,1,ME,B,B19ME,0
856,18,44,1,1,ME,B,B19ME,0
857,18,44,1,1,ME,B,B19ME,0
858,19,47,1,1,ME,B,B19ME,0
859,18,43,1,1,ME,B,B19ME,0
860,18,44,0,1,ME,B,B19ME,0
861,18,52,0,1,ME,B,B19ME,0
862,19,44,0,1,ME,B,B19ME,0
863,18,52,0,1,ME,B,B19ME0,0
864,19,53,3,1,ME,B,B19ME0,0
865,18,52,2,1,ME,B,B19ME0,0
866,18,51,3,1,ME,B,B19ME0,0
867,18,53,3,1,,,IDRPCS,0
868,18,44,0,1,,,IDRPDH,0
869,18,45,1,1,,,IDRPDH,0
870,19,44,0,1,,,IDRPIOT,0
871,19,42,1,1,,,IDRPIOT,0
872,19,45,3,1,,,IDRPQIC,0
873,19,47,2,1,,,IDRPSHC,0
874,19,53,0,1,,,IDRPSHC,0
875,18,43,3,1,,,IDRPSHC,0
876,18,47,3,1,,,IDRPSHC,0
877,18,44,0,1,,,IDRPSHC,0
878,18,44,0,1,,,IDRPSST,0
879,19,44,3,1,,,IDRPSST,0
880,19,44,2,1,PP,J,J19PP,0
881,18,52,3,1,PP,J,J19PP,0
882,19,43,0,1,PP,J,J19PP,0
883,19,44,1,1,PP,J,J19PP,0
884,19,43,3,1,PP,J,J19PP,0
885,18,43,2,1,PP,J,J19PP,0
886,19,52,3,1,PP,J,J19PP,0
887,18,43,2,1,PP,J,J19PP,0
888,18,44,3,1,PP,J,J19PP,0
889,18,51,0,1,PP,J,J19PP,0
890,18,52,1,1,PP,J,J19PP,0
891,18,43,2,1,PP,J,J19PP,0
892,19,53,2,1,PP,J,J19PP,0
893,19,42,0,1,PP,J,J19PP,0
894,19,42,3,1,PP,J,J19PP,0
895,18,47,1,1,PP,J,J19PP,0
896,18,43,2,1,PP,J,J19PP,0
897,19,42,2,1,PP,J,J19PP,0
898,19,43,3,1,PP,J,J19PP,0
899,19,43,2,1,PP,J,J19PP,0
900,19,43,1,1,PP,J,J19PP,0
901,18,42,2,1,PP,J,J19PP,0
902,19,51,0,1,PP,J,J19PP,0
903,19,47,2,1,PP,J,J19PP,0
904,19,42,3,1,PP,J,J19PP,0
905,18,45,3,1,PP,J,J19PP,0
906,19,51,0,1,PP,J,J19PP,0
907,19,47,1,1,PP,J,J19PP,0
908,19,42,0,1,PP,J,J19PP,0
909,19,47,3,1,PP,J,J19PP,0
910,19,44,0,1,PP,J,J19PP,0
911,19,52,3,1,PP,J,J19PP,0
912,18,43,2,1,PP,J,J19PP,0
913,18,53,3,1,PP,J,J19PP,0
914,19,44,0,1,PP,J,J19PP,0
915,21,53,0,3,CY,M,M17CY,0
916,20,52,0,3,CY,M,M17CY,0
917,21,53,0,3,CY,M,M17CY,0
918,20,52,3,2,BB,M,M18BB,0
919,19,51,2,2,BB,M,M18BB,0
920,19,43,2,2,CSE,M,M18CSE,0
921,20,42,0,2,CSE,M,M18CSE,0
922,20,53,0,2,CSE,M,M18CSE,0
923,20,52,1,2,CSE,M,M18CSE,0
924,20,44,2,2,CY,M,M18CY,0
925,20,44,2,2,CY,M,M18CY,0
926,20,52,0,2,CY,M,M18CY,0
927,19,53,3,2,CY,M,M18CY,0
928,20,47,0,2,CY,M,M18CY,0
929,19,43,0,2,CY,M,M18CY,0
930,20,51,2,2,CY,M,M18CY,0
931,20,47,0,2,CY,M,M18CY,0
932,19,45,0,2,CY,M,M18CY,0
933,19,53,2,2,CY,M,M18CY,0
934,19,47,2,2,CY,M,M18CY,0
935,19,51,1,2,CY,M,M18CY,0
936,19,45,0,2,CY,M,M18CY,0
937,19,44,3,2,CY,M,M18CY,0
938,19,43,3,2,CY,M,M18CY,0
939,19,43,3,2,EE,M,M18EE,0
940,20,52,1,2,EE,M,M18EE,0
941,20,42,3,2,EE,M,M18EE,0
942,20,47,2,2,EE,M,M18EE,0
943,20,53,1,2,EE,M,M18EE,0
944,19,52,2,2,EE,M,M18EE,0
945,19,53,3,2,MA,M,M18MA,0
946,20,52,2,2,MA,M,M18MA,0
947,19,53,0,2,MA,M,M18MA,0
948,20,43,0,2,MA,M,M18MA,0
949,19,42,2,2,MA,M,M18MA,0
950,19,43,1,2,MA,M,M18MA,0
951,19,51,3,2,MA,M,M18MA,0
952,20,42,0,2,MA,M,M18MA,0
953,20,44,1,2,MA,M,M18MA,0
954,20,43,0,2,MA,M,M18MA,0
955,19,43,1,2,MA,M,M18MA,0
956,20,42,1,2,MA,M,M18MA,0
957,20,45,1,2,MA,M,M18MA,0
958,20,53,2,2,MA,M,M18MA,0
959,19,52,1,2,MA,M,M18MA,0
960,19,44,1,2,MA,M,M18MA,0
961,19,47,2,2,MA,M,M18MA,0
962,20,53,2,2,ME,M,M18ME,0
963,19,53,0,2,ME,M,M18ME,0
964,19,43,2,2,ME,M,M18ME,0
965,20,43,2,2,ME,M,M18ME,0
966,19,42,3,2,ME,M,M18ME,0
967,20,44,2,2,ME,M,M18ME,0
968,19,42,0,2,ME,M,M18ME,0
969,20,42,0,2,ME,M,M18ME,0
970,20,42,0,2,ME,M,M18ME,0
971,19,52,0,2,ME,M,M18ME,0
972,19,44,2,2,ME,M,M18ME,0
973,20,44,0,2,ME,M,M18ME,0
974,20,42,2,2,ME,M,M18ME,0
975,19,42,3,2,ME,M,M18ME,0
976,19,52,2,2,ME,M,M18ME,0
977,19,44,0,2,ME,M,M18ME,0
978,19,53,1,2,MT,M,M18MT,0
979,19,44,0,2,MT,M,M18MT,0
980,20,51,2,2,MT,M,M18MT,0
981,19,53,0,2,MT,M,M18MT,0
982,19,42,0,2,MT,M,M18MT,0
983,20,53,3,2,MT,M,M18MT,0
984,20,43,1,2,MT,M,M18MT,0
985,19,47,3,2,MT,M,M18MT,0
986,19,52,1,2,MT,M,M18MT,0
987,19,43,2,2,MT,M,M18MT,0
988,20,44,2,2,PH,M,M18PH,0
989,20,51,0,2,PH,M,M18PH,0
990,19,42,3,2,PH,M,M18PH,0
991,20,47,1,2,PH,M,M18PH,0
992,19,44,3,2,PH,M,M18PH,0
993,19,42,1,2,PH,M,M18PH,0
994,20,51,3,2,PH,M,M18PH,0
995,20,43,2,2,PH,M,M18PH,0
996,19,47,0,2,PH,M,M18PH,0
997,20,47,0,2,PH,M,M18PH,0
998,20,42,2,2,PH,M,M18PH,0
999,20,47,2,2,PH,M,M18PH,0
1000,20,43,2,2,PH,M,M18PH,0
1001,20,52,0,2,PH,M,M18PH,0
1002,19,44,3,2,PH,M,M18PH,0
1003,20,53,0,2,PH,M,M18PH,0
1004,19,52,3,2,PH,M,M18PH,0
1005,19,53,3,2,PH,M,M18PH,0
1006,20,43,3,2,PH,M,M18PH,0
1007,19,43,2,1,CY,M,M19CY,0
1008,19,53,1,1,CY,M,M19CY,0
1009,18,43,2,1,CY,M,M19CY,0
1010,18,44,2,1,CY,M,M19CY,0
1011,19,45,2,1,CY,M,M19CY,0
1012,19,51,1,1,CY,M,M19CY,0
1013,19,42,0,1,CY,M,M19CY,0
1014,18,52,0,1,CY,M,M19CY,0
1015,18,51,2,1,CY,M,M19CY,0
1016,18,42,1,1,CY,M,M19CY,0
1017,18,43,2,1,CY,M,M19CY,0
1018,19,45,0,1,CY,M,M19CY,0
1019,19,51,1,1,CY,M,M19CY,0
1020,18,43,2,1,CY,M,M19CY,0
1021,18,45,0,1,CY,M,M19CY,0
1022,18,52,3,1,CY,M,M19CY,0
1023,19,45,1,1,CY,M,M19CY,0
1024,19,52,0,1,CY,M,M19CY,0
1025,19,42,1,1,CY,M,M19CY,0
1026,18,52,0,1,CY,M,M19CY,0
1027,18,47,2,1,CY,M,M19CY,0
1028,18,44,0,1,CY,M,M19CY,0
1029,19,43,0,1,CY,M,M19CY,0
1030,18,53,2,1,CY,M,M19CY,0
1031,18,42,1,1,DCS,M,M19DCS,0
1032,18,47,0,1,DCS,M,M19DCS,0
1033,18,42,3,1,DCS,M,M19DCS,0
1034,18,43,3,1,DCS,M,M19DCS,0
1035,19,52,2,1,MA,M,M19MA,0
1036,19,43,2,1,MA,M,M19MA,0
1037,19,51,2,1,MA,M,M19MA,0
1038,19,47,0,1,MA,M,M19MA,0
1039,19,52,3,1,MA,M,M19MA,0
1040,18,44,0,1,MA,M,M19MA,0
1041,18,43,3,1,MA,M,M19MA,0
1042,19,44,2,1,MA,M,M19MA,0
1043,19,51,1,1,MA,M,M19MA,0
1044,18,43,0,1,MA,M,M19MA,0
1045,19,42,0,1,MA,M,M19MA,0
1046,19,52,0,1,MA,M,M19MA,0
1047,19,44,0,1,MA,M,M19MA,0
1048,19,53,2,1,MA,M,M19MA,0
1049,18,43,3,1,MA,M,M19MA,0
1050,18,44,1,1,MA,M,M19MA,0
1051,18,53,0,1,MA,M,M19MA,0
1052,18,53,2,1,PH,M,M19PH,0
1053,19,52,2,1,PH,M,M19PH,0
1054,18,43,1,1,PH,M,M19PH,0
1055,19,51,2,1,PH,M,M19PH,0
1056,19,42,1,1,PH,M,M19PH,0
1057,19,47,0,1,PH,M,M19PH,0
1058,19,51,3,1,PH,M,M19PH,0
1059,18,53,2,1,PH,M,M19PH,0
1060,18,44,0,1,PH,M,M19PH,0
1061,19,43,3,1,PH,M,M19PH,0
1062,18,53,2,1,PH,M,M19PH,0
1063,18,53,0,1,PH,M,M19PH,0
1064,18,51,0,1,PH,M,M19PH,0
1065,18,52,0,1,PH,M,M19PH,0
1066,18,51,1,1,PH,M,M19PH,0
1067,19,42,2,1,PH,M,M19PH,0
1068,19,52,1,1,PH,M,M19PH,0
1069,19,52,2,1,PH,M,M19PH,0
1070,18,44,2,1,PH,M,M19PH,0
1071,18,45,2,1,PH,M,M19PH,0
1072,19,51,3,1,PH,M,M19PH,0
1073,18,44,3,1,PH,M,M19PH,0
1074,19,52,0,1,PH,M,M19PH,0
1075,18,52,0,1,PH,M,M19PH,0
1076,18,42,1,1,PH,M,M19PH,0
1077,19,44,3,1,AI,MP,MP19AI,0
1078,19,44,0,1,AI,MP,MP19AI,0
1079,18,42,0,1,AI,MP,MP19AI,0
1080,18,44,3,1,AI,MP,MP19AI,0
1081,19,53,3,1,AI,MP,MP19AI,0
1082,18,44,3,1,BB,MP,MP19BB,0
1083,18,47,2,1,BB,MP,MP19BB,0
1084,18,51,3,1,BB,MP,MP19BB,0
1085,19,42,2,1,BB,MP,MP19BB,0
1086,18,42,3,1,COE,MP,MP19COE,0
1087,18,47,3,1,CPS,MP,MP19CPS,0
1088,19,51,1,1,CS,MP,MP19CS,0
1089,19,44,0,1,CS,MP,MP19CS,0
1090,19,47,0,1,CS,MP,MP19CS,0
1091,18,44,2,1,CS,MP,MP19CS,0
1092,18,42,3,1,DCS,MP,MP19DCS,0
1093,19,45,3,1,DCS,MP,MP19DCS,0
1094,19,53,0,1,DE,MP,MP19DE,0
1095,19,52,2,1,MFE,MP,MP19MFE,0
1096,18,42,0,1,MT,MP,MP19MT,0
1097,19,42,1,1,MT,MP,MP19MT,0
1098,19,43,1,1,SIOT,MP,MP19SIOT,0
1099,19,51,1,1,SIOT,MP,MP19SIOT,0
1100,19,44,3,1,TFE,MP,MP19TFE,0
1101,19,51,1,1,TFE,MP,MP19TFE,0
1102,19,43,2,1,AI,MT,MT19AI,0
1103,19,53,3,1,AI,MT,MT19AI,0
1104,18,44,0,1,AI,MT,MT19AI,0
1105,19,44,0,1,AI,MT,MT19AI,0
1106,18,43,1,1,AI,MT,MT19AI,0
1107,19,45,1,1,AI,MT,MT19AI,0
1108,19,43,1,1,AI,MT,MT19AI,0
1109,18,44,3,1,AI,MT,MT19AI,0
1110,19,43,3,1,AI,MT,MT19AI,0
1111,19,43,2,1,AI,MT,MT19AI,0
1112,19,45,2,1,AI,MT,MT19AI,0
1113,19,53,3,1,AI,MT,MT19AI,0
1114,19,52,3,1,AI,MT,MT19AI,0
1115,19,51,2,1,AI,MT,MT19AI,0
1116,19,44,3,1,AI,MT,MT19AI,0
1117,19,44,0,1,AI,MT,MT19AI,0
1118,19,42,3,1,AI,MT,MT19AI,0
1119,18,53,2,1,AI,MT,MT19AI,0
1120,18,43,1,1,AI,MT,MT19AI,0
1121,19,51,2,1,AI,MT,MT19AI,0
1122,18,42,2,1,AI,MT,MT19AI,0
1123,19,53,3,1,AI,MT,MT19AI,0
1124,18,53,2,1,AMD,MT,MT19AMD,0
1125,18,43,2,1,AMD,MT,MT19AMD,0
1126,19,42,0,1,AMD,MT,MT19AMD,0
1127,19,45,2,1,AMD,MT,MT19AMD,0
1128,19,53,3,1,AMD,MT,MT19AMD,0
1129,19,44,2,1,AMD,MT,MT19AMD,0
1130,19,42,0,1,AMD,MT,MT19AMD,0
1131,18,42,1,1,AMD,MT,MT19AMD,0
1132,18,45,1,1,AMD,MT,MT19AMD,0
1133,19,42,0,1,AMD,MT,MT19AMD,0
1134,18,47,2,1,AMD,MT,MT19AMD,0
1135,18,47,2,1,AMD,MT,MT19AMD,0
1136,18,53,0,1,AMD,MT,MT19AMD,0
1137,18,44,0,1,AMD,MT,MT19AMD,0
1138,19,44,3,1,AMD,MT,MT19AMD,0
1139,18,52,1,1,AMD,MT,MT19AMD,0
1140,18,51,2,1,BB,MT,MT19BB,0
1141,18,44,3,1,BB,MT,MT19BB,0
1142,18,47,0,1,BB,MT,MT19BB,0
1143,18,53,0,1,BB,MT,MT19BB,0
1144,19,47,3,1,BB,MT,MT19BB,0
1145,19,43,0,1,BB,MT,MT19BB,0
1146,18,52,0,1,BB,MT,MT19BB,0
1147,19,43,1,1,BB,MT,MT19BB,0
1148,18,45,1,1,BB,MT,MT19BB,0
1149,18,47,3,1,BB,MT,MT19BB,0
1150,19,44,3,1,BB,MT,MT19BB,0
1151,18,51,0,1,BB,MT,MT19BB,0
1152,19,47,2,1,BB,MT,MT19BB,0
1153,18,52,3,1,BB,MT,MT19BB,0
1154,18,42,1,1,CPS,MT,MT19CPS,0
1155,19,52,0,1,CPS,MT,MT19CPS,0
1156,19,53,1,1,CPS,MT,MT19CPS,0
1157,18,45,0,1,CPS,MT,MT19CPS,0
1158,18,44,2,1,CPS,MT,MT19CPS,0
1159,19,44,2,1,CPS,MT,MT19CPS,0
1160,19,44,0,1,CPS,MT,MT19CPS,0
1161,18,53,3,1,CPS,MT,MT19CPS,0
1162,19,53,3,1,CPS,MT,MT19CPS,0
1163,18,52,3,1,CPS,MT,MT19CPS,0
1164,19,43,1,1,CPS,MT,MT19CPS,0
1165,18,53,0,1,CPS,MT,MT19CPS,0
1166,18,51,2,1,CPS,MT,MT19CPS,0
1167,19,44,1,1,CPS,MT,MT19CPS,0
1168,19,44,1,1,CPS,MT,MT19CPS,0
1169,18,53,2,1,CPS,MT,MT19CPS,0
1170,18,45,0,1,CS,MT,MT19CS,0
1171,19,44,0,1,CS,MT,MT19CS,0
1172,18,53,2,1,CS,MT,MT19CS,0
1173,19,51,1,1,CS,MT,MT19CS,0
1174,18,51,0,1,CS,MT,MT19CS,0
1175,18,43,2,1,CS,MT,MT19CS,0
1176,18,45,0,1,CS,MT,MT19CS,0
1177,19,42,1,1,CS,MT,MT19CS,0
1178,18,43,0,1,CS,MT,MT19CS,0
1179,19,43,3,1,CS,MT,MT19CS,0
1180,19,53,0,1,CS,MT,MT19CS,0
1181,18,52,0,1,CS,MT,MT19CS,0
1182,18,45,3,1,CS,MT,MT19CS,0
1183,19,43,1,1,CS,MT,MT19CS,0
1184,19,42,3,1,CS,MT,MT19CS,0
1185,19,44,3,1,CS,MT,MT19CS,0
1186,18,52,3,1,CS,MT,MT19CS,0
1187,18,42,1,1,DCS,MT,MT19DCS,0
1188,18,47,3,1,DCS,MT,MT19DCS,0
1189,18,44,2,1,DCS,MT,MT19DCS,0
1190,18,47,1,1,DCS,MT,MT19DCS,0
1191,19,45,2,1,DCS,MT,MT19DCS,0
1192,19,42,2,1,DCS,MT,MT19DCS,0
1193,18,53,2,1,DCS,MT,MT19DCS,0
1194,18,52,1,1,DCS,MT,MT19DCS,0
1195,18,53,3,1,DCS,MT,MT19DCS,0
1196,18,43,1,1,DCS,MT,MT19DCS,0
1197,19,44,2,1,DCS,MT,MT19DCS,0
1198,18,51,2,1,DCS,MT,MT19DCS,0
1199,18,43,0,1,DCS,MT,MT19DCS,0
1200,19,43,1,1,DCS,MT,MT19DCS,0
1201,19,44,2,1,MT,MT,MT19MT,0
1202,18,44,0,1,MT,MT,MT19MT,0
1203,18,53,2,1,MT,MT,MT19MT,0
1204,18,47,2,1,MT,MT,MT19MT,0
1205,18,52,3,1,MT,MT,MT19MT,0
1206,19,47,2,1,MT,MT,MT19MT,0
1207,18,53,2,1,MT,MT,MT19MT,0
1208,18,43,2,1,MT,MT,MT19MT,0
1209,18,52,3,1,MT,MT,MT19MT,0
1210,19,52,3,1,MT,MT,MT19MT,0
1211,18,51,0,1,MT,MT,MT19MT,0
1212,19,52,2,1,MT,MT,MT19MT,0
1213,19,45,1,1,MT,MT,MT19MT,0
1214,19,42,1,1,MT,MT,MT19MT,0
1215,19,42,1,1,MT,MT,MT19MT,0
1216,19,52,0,1,SIOT,MT,MT19SIOT,0
1217,18,51,2,1,SIOT,MT,MT19SIOT,0
1218,18,43,1,1,SIOT,MT,MT19SIOT,0
1219,18,45,1,1,SIOT,MT,MT19SIOT,0
1220,19,44,0,1,SIOT,MT,MT19SIOT,0
1221,19,42,0,1,SIOT,MT,MT19SIOT,0
1222,18,44,0,1,SIOT,MT,MT19SIOT,0
1223,18,42,0,1,SIOT,MT,MT19SIOT,0
1224,18,47,0,1,SIOT,MT,MT19SIOT,0
1225,19,53,1,1,SIOT,MT,MT19SIOT,0
1226,18,44,1,1,SIOT,MT,MT19SIOT,0
1227,18,53,1,1,SIOT,MT,MT19SIOT,0
1228,19,47,1,1,SIOT,MT,MT19SIOT,0
1229,19,53,3,1,SIOT,MT,MT19SIOT,0
1230,18,47,1,1,SIOT,MT,MT19SIOT,0
1231,18,52,3,1,SIOT,MT,MT19SIOT,0
1232,19,44,1,1,SIOT,MT,MT19SIOT,0
1233,19,44,2,1,TFE,MT,MT19TFE,0
1234,18,52,1,1,TFE,MT,MT19TFE,0
1235,19,42,1,1,TFE,MT,MT19TFE,0
1236,18,42,3,1,TFE,MT,MT19TFE,0
1237,18,45,3,1,TFE,MT,MT19TFE,0
1238,18,47,2,1,TFE,MT,MT19TFE,0
1239,19,45,2,1,TFE,MT,MT19TFE,0
1240,18,52,1,1,TFE,MT,MT19TFE,0
1241,19,43,3,1,TFE,MT,MT19TFE,0
1242,19,47,2,1,TFE,MT,MT19TFE,0
1243,18,42,1,1,TFE,MT,MT19TFE,0
1244,18,44,0,1,TFE,MT,MT19TFE,0
1245,18,51,0,1,TFE,MT,MT19TFE,0
1246,19,47,3,1,TFE,MT,MT19TFE,0
1247,19,51,0,1,TFE,MT,MT19TFE,0
1248,19,47,3,1,TFE,MT,MT19TFE,0
1249,19,53,2,1,TFE,MT,MT19TFE,0
1250,23,53,0,6,BL,P,P14BL,0
1251,23,51,0,6,BL,P,P14BL,0
1252,23,52,1,6,BS,P,P14BS,0
1253,23,53,2,6,BS,P,P14BS,0
1254,23,43,0,6,BS,P,P14BS,0
1255,24,45,0,6,CHM,P,P14CHM,0
1256,24,52,3,6,CHM,P,P14CHM,0
1257,23,45,1,6,CS,P,P14CS,0
1258,24,43,2,6,CS,P,P14CS,0
1259,23,53,0,6,EE,P,P14EE,0
1260,23,52,1,6,EN,P,P14EN,0
1261,24,47,0,6,ME,P,P14ME,0
1262,23,52,2,6,ME,P,P14ME,0
1263,24,43,3,6,PH,P,P14PH,0
1264,24,43,2,6,PH,P,P14PH,0
1265,23,51,1,6,PH,P,P14PH,0
1266,24,44,3,6,PH,P,P14PH,0
1267,24,47,2,6,SS,P,P14SS,0
1268,24,47,1,6,VSS,P,P14VSS,0
1269,23,53,0,6,VSS,P,P14VSS,0
1270,24,43,3,6,VSS,P,P14VSS,0
1271,24,53,0,6,VSS,P,P14VSS,0
1272,22,42,0,5,BL,P,P15BL,0
1273,23,42,0,5,CS,P,P15CS,0
1274,23,44,0,5,CY,P,P15CY,0
1275,23,42,2,5,CY,P,P15CY,0
1276,22,53,1,5,CY,P,P15CY,0
1277,22,47,0,5,CY,P,P15CY,0
1278,22,47,1,5,CY,P,P15CY,0
1279,22,53,2,5,CY,P,P15CY,0
1280,23,44,1,5,CY,P,P15CY,0
1281,23,51,1,5,EE,P,P15EE,0
1282,23,47,3,5,EE,P,P15EE,0
1283,22,52,3,5,EE,P,P15EE,0
1284,23,53,3,5,EE,P,P15EE,0
1285,23,47,1,5,EE,P,P15EE,0
1286,23,44,3,5,EE,P,P15EE,0
1287,23,44,1,5,EE,P,P15EE2,0
1288,22,52,0,5,HS,P,P15HS,0
1289,23,44,1,5,MA,P,P15MA,0
1290,23,43,1,5,MA,P,P15MA,0
1291,23,43,3,5,ME,P,P15ME,0
1292,22,42,2,5,ME,P,P15ME,0
1293,23,44,2,5,ME,P,P15ME,0
1294,23,52,2,5,ME,P,P15ME,0
1295,23,44,1,5,ME,P,P15ME,0
1296,23,47,3,5,PH,P,P15PH,0
1297,23,43,2,5,PH,P,P15PH,0
1298,22,44,2,5,VSS,P,P15VSS,0
1299,22,47,2,5,VSS,P,P15VSS,0
1300,22,47,2,5,VSS,P,P15VSS,0
1301,23,52,0,5,VSS,P,P15VSS,0
1302,23,44,3,5,VSS,P,P15VSS,0
1303,22,53,0,5,VSS,P,P15VSS,0
1304,23,42,3,5,VSS,P,P15VSS2,0
1305,22,47,2,4,CS,P,P16CS,0
1306,21,43,0,4,CS,P,P16CS,0
1307,22,43,2,4,CY,P,P16CY,0
1308,21,52,2,4,CY,P,P16CY,0
1309,22,44,2,4,EE,P,P16EE,0
1310,21,47,3,4,EE,P,P16EE,0
1311,21,44,3,4,MA,P,P16MA,0
1312,21,53,0,4,ME,P,P16ME,0
1313,22,42,2,4,ME,P,P16ME,0
1314,21,53,2,4,ME,P,P16ME,0
1315,22,42,2,4,ME,P,P16ME,0
1316,22,42,1,4,ME,P,P16ME,0
1317,22,52,0,4,PH,P,P16PH,0
1318,22,51,0,4,PH,P,P16PH,0
1319,22,42,0,4,VSS,P,P16VSS,0
1320,22,44,1,4,VSS,P,P16VSS,0
1321,22,47,2,4,VSS,P,P16VSS,0
1322,20,42,0,3,BS,P,P17BS,0
1323,20,44,0,3,CS,P,P17CS,0
1324,21,53,3,3,CY,P,P17CY,0
1325,21,44,3,3,CY,P,P17CY,0
1326,21,47,2,3,EE,P,P17EE,0
1327,21,52,3,3,EE,P,P17EE,0
1328,21,42,2,3,EE,P,P17EE,0
1329,20,43,3,3,EE,P,P17EE,0
1330,20,42,0,3,EE,P,P17EE,0
1331,21,44,3,3,HS,P,P17HS,0
1332,21,45,2,3,HS,P,P17HS,0
1333,21,42,1,3,HS,P,P17HS,0
1334,20,44,2,3,HS,P,P17HS,0
1335,20,47,2,3,PH,P,P17PH,0
1336,21,43,0,3,PH,P,P17PH,0
1337,21,47,3,3,PH,P,P17PH,0
1338,20,45,3,2,BB,P,P18BB,0
1339,20,43,1,2,BB,P,P18BB,0
1340,20,42,1,2,BB,P,P18BB,0
1341,20,44,2,2,CY,P,P18CY,0
1342,19,43,0,2,CY,P,P18CY,0
1343,20,43,0,2,CY,P,P18CY,0
1344,19,43,2,2,CY,P,P18CY,0
1345,19,53,0,2,CY,P,P18CY,0
1346,20,53,0,2,CY,P,P18CY,0
1347,19,47,1,2,CY,P,P18CY,0
1348,19,45,0,2,EE,P,P18EE,0
1349,20,43,3,2,EE,P,P18EE,0
1350,19,43,1,2,EE,P,P18EE,0
1351,19,44,3,2,EE,P,P18EE,0
1352,20,42,3,2,EE,P,P18EE,0
1353,19,42,1,2,EE,P,P18EE,0
1354,20,44,2,2,HSS,P,P18HSS,0
1355,19,52,2,2,MA,P,P18MA,0
1356,19,43,0,2,MA,P,P18MA,0
1357,19,53,1,2,MA,P,P18MA,0
1358,19,44,1,2,MA,P,P18MA,0
1359,19,52,1,2,MA,P,P18MA,0
1360,20,53,1,2,ME,P,P18ME,0
1361,19,44,3,2,ME,P,P18ME,0
1362,20,53,0,2,ME,P,P18ME,0
1363,20,42,1,2,ME,P,P18ME,0
1364,19,44,3,2,MT,P,P18MT,0
1365,20,45,2,2,MT,P,P18MT,0
1366,19,42,0,2,PH,P,P18PH,0
1367,20,52,3,2,PH,P,P18PH,0
1368,19,44,1,2,PH,P,P18PH,0
1369,19,47,2,2,PH,P,P18PH,0
1370,20,45,2,2,PH,P,P18PH,0
1371,20,47,1,2,PH,P,P18PH,0
1372,19,45,1,2,PH,P,P18PH,0
1373,19,51,0,1,BB,P,P19BB,0
1374,18,42,1,1,BB,P,P19BB,0
1375,18,44,3,1,BB,P,P19BB,0
1376,19,47,3,1,BB,P,P19BB,0
1377,18,43,2,1,BB,P,P19BB,0
1378,18,53,2,1,BB,P,P19BB,0
1379,19,53,3,1,BB,P,P19BB,0
1380,18,51,0,1,BB,P,P19BB,0
1381,19,52,2,1,BB,P,P19BB,0
1382,19,47,0,1,BB,P,P19BB,0
1383,19,42,3,1,BB,P,P19BB,0
1384,19,52,2,1,BB,P,P19BB,0
1385,18,43,1,1,BB,P,P19BB,0
1386,18,52,1,1,BB,P,P19BB,0
1387,19,47,0,1,CSE,P,P19CSE,0
1388,18,43,2,1,CSE,P,P19CSE,0
1389,19,47,3,1,CSE,P,P19CSE,0
1390,19,47,3,1,CSE,P,P19CSE,0
1391,18,43,3,1,CSE,P,P19CSE,0
1392,19,53,3,1,CSE,P,P19CSE,0
1393,18,45,3,1,CSE,P,P19CSE,0
1394,18,52,1,1,CSE,P,P19CSE,0
1395,18,43,0,1,CSE,P,P19CSE,0
1396,19,47,1,1,CSE,P,P19CSE,0
1397,18,52,1,1,CSE,P,P19CSE,0
1398,18,44,2,1,CSE,P,P19CSE,0
1399,18,52,3,1,CY,P,P19CY,0
1400,18,52,2,1,CY,P,P19CY,0
1401,18,51,1,1,CY,P,P19CY,0
1402,19,47,0,1,CY,P,P19CY,0
1403,19,53,0,1,CY,P,P19CY,0
1404,19,47,1,1,CY,P,P19CY,0
1405,18,43,1,1,CY,P,P19CY,0
1406,19,42,3,1,CY,P,P19CY,0
1407,19,51,3,1,CY,P,P19CY,0
1408,19,53,2,1,CY,P,P19CY,0
1409,18,43,0,1,CY,P,P19CY,0
1410,19,44,1,1,CY,P,P19CY,0
1411,18,43,1,1,EE,P,P19EE,0
1412,19,52,0,1,EE,P,P19EE,0
1413,19,43,1,1,EE,P,P19EE,0
1414,19,53,2,1,EE,P,P19EE,0
1415,19,45,0,1,EE,P,P19EE,0
1416,19,42,2,1,EE,P,P19EE,0
1417,19,42,0,1,EE,P,P19EE,0
1418,18,42,2,1,EE,P,P19EE,0
1419,18,47,0,1,EE,P,P19EE,0
1420,18,47,2,1,EE,P,P19EE,0
1421,18,44,0,1,EE,P,P19EE,0
1422,18,44,3,1,EE,P,P19EE,0
1423,19,47,0,1,EE,P,P19EE,0
1424,19,47,1,1,EE,P,P19EE,0
1425,19,43,0,1,EE,P,P19EE,0
1426,19,53,0,1,EE,P,P19EE,0
1427,19,52,2,1,EE,P,P19EE,0
1428,18,47,1,1,EE,P,P19EE,0
1429,18,52,1,1,HSS,P,P19HSS,0
1430,18,44,3,1,HSS,P,P19HSS,0
1431,19,44,3,1,HSS,P,P19HSS,0
1432,19,47,1,1,HSS,P,P19HSS,0
1433,19,47,1,1,MA,P,P19MA,0
1434,19,47,1,1,ME,P,P19ME,0
1435,19,52,0,1,ME,P,P19ME,0
1436,18,42,0,1,ME,P,P19ME,0
1437,18,42,3,1,ME,P,P19ME,0
1438,18,42,1,1,ME,P,P19ME,0
1439,18,44,1,1,ME,P,P19ME,0
1440,19,43,1,1,ME,P,P19ME,0
1441,19,42,2,1,ME,P,P19ME,0
1442,18,47,0,1,ME,P,P19ME,0
1443,19,44,2,1,ME,P,P19ME,0
1444,19,42,3,1,ME,P,P19ME,0
1445,19,43,2,1,ME,P,P19ME,0
1446,19,42,1,1,ME,P,P19ME,0
1447,18,52,0,1,ME,P,P19ME,0
1448,18,43,2,1,ME,P,P19ME,0
1449,18,43,0,1,ME,P,P19ME,0
1450,18,44,3,1,MT,P,P19MT,0
1451,18,44,1,1,MT,P,P19MT,0
1452,19,43,1,1,MT,P,P19MT,0
1453,18,43,1,1,PH,P,P19PH,0
1454,18,51,2,1,PH,P,P19PH,0
1455,18,51,2,1,PH,P,P19PH,0
1456,18,53,0,1,PH,P,P19PH,0
1457,18,47,2,1,PH,P,P19PH,0
1458,18,44,1,1,PH,P,P19PH,0
1459,18,53,3,1,PH,P,P19PH,0
1460,19,42,3,1,PH,P,P19PH,0
1461,19,52,2,1,PH,P,P19PH,0
1462,18,42,3,1,PH,P,P19PH,0
1463,19,53,2,1,PH,P,P19PH,0
1464,18,52,2,1,PH,P,P19PH,0
1465,19,47,3,1,PH,P,P19PH,0
1466,19,44,1,1,PH,P,P19PH,0
1467,18,51,1,1,PH,P,P19PH,0
1468,18,52,0,1,PH,P,P19PH,0
1469,19,51,3,1,PH,P,P19PH,0
1470,18,44,1,1,PH,P,P19PH,0
1471,19,52,2,1,PH,P,P19PH,0
1472,18,47,1,1,,PG,PG201081,0
1473,19,51,3,1,,PG,PG201182,0
1474,18,52,0,1,,PG,PG201282,0
1475,19,47,2,1,,PG,PG201283,0
1476,19,47,0,1,,PG,PG201283,0
1477,19,43,3,1,,PG,PG201383,0
1478,19,47,0,1,,PG,PG201383,0
1479,19,53,1,1,,PG,PG201383,0
1480,18,52,0,1,,PG,PG201384,0
1481,19,53,1,1,,PG,PG201384,0
